{"cameraMode":{"drawMode":1,"name":"Wireframe","section":"Shading Mode"},"sceneLighting":false,"audioPlay":false,"sceneViewState":{"m_AlwaysRefresh":false,"showFog":true,"showSkybox":false,"showFlares":true,"showImageEffects":true,"showParticleSystems":true,"showVisualEffectGraphs":true,"m_FxEnabled":true},"in2DMode":false,"pivot":{"x":0.9992271065711975,"y":3.414616584777832,"z":-3.6747207641601564},"rotation":{"x":0.012038182467222214,"y":-0.7783588767051697,"z":-0.014940637163817883,"w":-0.6275976896286011},"size":0.06882020831108093,"orthographic":false}