{"cameraMode":{"drawMode":0,"name":"Shaded","section":"Shading Mode"},"sceneLighting":false,"audioPlay":false,"sceneViewState":{"m_AlwaysRefresh":false,"showFog":true,"showSkybox":false,"showFlares":true,"showImageEffects":true,"showParticleSystems":true,"showVisualEffectGraphs":true,"m_FxEnabled":true},"in2DMode":false,"pivot":{"x":-7.561051368713379,"y":3.513321876525879,"z":-1.6346435546875},"rotation":{"x":0.07223488390445709,"y":-0.019139248877763749,"z":0.0013831895776093007,"w":0.9972159266471863},"size":16.499570846557618,"orthographic":false}