{"cameraMode":{"drawMode":0,"name":"Shaded","section":"Shading Mode"},"sceneLighting":false,"audioPlay":false,"sceneViewState":{"m_AlwaysRefresh":false,"showFog":true,"showSkybox":false,"showFlares":true,"showImageEffects":true,"showParticleSystems":true,"showVisualEffectGraphs":true,"m_FxEnabled":true},"in2DMode":false,"pivot":{"x":14.729999542236329,"y":1.159999966621399,"z":0.9100000262260437},"rotation":{"x":0.11732520908117295,"y":0.14132292568683625,"z":-0.016873357817530633,"w":0.9828541874885559},"size":2.6954824924468996,"orthographic":false}