{"cameraMode":{"drawMode":0,"name":"Shaded","section":"Shading Mode"},"sceneLighting":false,"audioPlay":false,"sceneViewState":{"m_AlwaysRefresh":false,"showFog":true,"showSkybox":false,"showFlares":true,"showImageEffects":true,"showParticleSystems":true,"showVisualEffectGraphs":true,"m_FxEnabled":true},"in2DMode":false,"pivot":{"x":-11.729999542236329,"y":1.630000114440918,"z":9.760000228881836},"rotation":{"x":0.11732520908117295,"y":0.14132292568683625,"z":-0.016873357817530633,"w":0.9828541874885559},"size":2.126616954803467,"orthographic":false}